{
  "num_folds": 5,
  "accuracy_mean": 0.5883283445985261,
  "accuracy_std": 0.015789669848099614,
  "f1_mean": 0.5705943810944933,
  "f1_std": 0.01430793129022899,
  "roc_auc_mean": 0.6297345330956456,
  "roc_auc_std": 0.020995618533479882
}